name,password,email,contact_number,income
Robin Myers,AzdlaUADE,RobinMyers@mail.com,80510242,4700
Ila Rosa,vLL74Fcu,IlaRosa@aol.com,89014521,74000
Tim Mcfarland,wXo4CmQN,TimMcfarland@mail.com,89516922,6700
Angella Lawson,96G.onJ8K,AngellaLawson@aol.com,88779066,49000
Bernice Partridge,2Jb145EssHrR,BernicePartridge@yahoo.com,89506632,20000
Marita Fleagle,lAqpU@E9LCA@,MaritaFleagle@aol.com,98747064,8600
Edward Rykert,7SvYSDqH5RsJ,EdwardRykert@inbox.com,94628562,36000
Robert Driver,KpgBP.yL,RobertDriver@inbox.com,89518473,5600
Regina Stephenson,p1aPe6hydU,ReginaStephenson@hotmail.com,89489917,7900
Joseph Perez,",6my4.MNvshKM",JosephPerez@inbox.com,80510131,9100
Kathy Moya,GY6EW.oGHFQ,KathyMoya@gmail.com,80518356,4300
Dennis Brown,"n2,xD3RWVfsZHw",DennisBrown@gmail.com,80510891,5000
Wendy Cramer,1Yk6jEeyX,WendyCramer@inbox.com,89056496,93000
Thomas Tedrow,bwDS@UUM,ThomasTedrow@mail.com,89520539,7500
Debbie Gooden,BsdH1Qno,DebbieGooden@mail.com,89501177,57000
Cheryl Dowdy,P922BK.YlRL,CherylDowdy@gmail.com,85639144,68000
Thomas Young,"w,voRA9nG,.o",ThomasYoung@hotmail.com,95708123,4200
Chauncey Velasquez,kX76seaZwL,ChaunceyVelasquez@hotmail.com,80516058,3300
Maurice Fleck,uEn@t1shwhm,MauriceFleck@aol.com,89156967,4900
Aida Loch,BDr3WdxTY,AidaLoch@inbox.com,89514411,90000
Randall Dufresne,MNC1dQMowWBWs,RandallDufresne@yahoo.com,98697307,6500
Lottie Watson,40h1vobbhkbM6,LottieWatson@gmail.com,91713811,5700
Karen Riley,7N7V9XtC1iKY2q,KarenRiley@mail.com,98836703,3800
Charles Perrigan,"VBtPPh7Es2,hwA",CharlesPerrigan@gmail.com,89040196,5800
Alexander Rimple,8brNTE0aaik@9,AlexanderRimple@yahoo.com,89510662,4000
Byron Romer,BskbNAcHK5xe,ByronRomer@gmail.com,89352939,8300
Leonard Canon,2840gYtLPJD08C,LeonardCanon@gmail.com,80178979,92000
Kathryn Calkins,icLntgbBpN,KathrynCalkins@inbox.com,80511952,47000
Jeffrey Dungey,wko1oWccThGr,JeffreyDungey@gmail.com,92008258,4100
Brett Collier,rkz3JT4nklL,BrettCollier@yahoo.com,95219406,9500
Dianne Thill,EBnS8UV6e,DianneThill@mail.com,89529765,45000
Charlotte Cotter,.aYzYYEgfY,CharlotteCotter@hotmail.com,89505156,31000
Warren Broadnax,iMDL0jiUembF,WarrenBroadnax@gmail.com,89523300,7000
Sarah Kitchen,"S2,B4JBclM",SarahKitchen@inbox.com,89521384,44000
Hyacinth Sears,4@973QZj2iSp,HyacinthSears@aol.com,97170913,2400
Gary Simmons,rGTeec89h,GarySimmons@hotmail.com,82256967,36000
Frank Outlaw,cwzV@0Zvedd,FrankOutlaw@aol.com,80372203,87000
August Stone,"w,.caS4icE4JvA",AugustStone@yahoo.com,80515078,45000
Alma Crouse,R9L8EQVPCqV3T,AlmaCrouse@aol.com,80512601,33000
Gloria Miller,MJla0z5e2,GloriaMiller@inbox.com,90257477,7400
Martha Dykes,r7NCYxcDGYE,MarthaDykes@gmail.com,89502874,10000
Mona Eaves,9kZqk7r3rgn,MonaEaves@yahoo.com,80307259,52000
Estelle Perez,BWQUpjcFr,EstellePerez@yahoo.com,89512300,22000
Williams Wilkins,qYYeM4gT2Y,WilliamsWilkins@mail.com,80266364,22000
Edda Hadley,8mrSDQdLye1H,EddaHadley@gmail.com,89514637,4700
Renee Holsopple,RHxMRF72Ew3,ReneeHolsopple@mail.com,80518270,61000
Michael Bailey,EeZtKGaURtHS,MichaelBailey@hotmail.com,80511232,8300
Kathryn Herndon,URBbLbRAxNgG5X,KathrynHerndon@mail.com,89381073,2800
William Marquess,MUXACtwjmz,WilliamMarquess@aol.com,80516420,6700
Wade Tarleton,bd.daQD3hyRZN@,WadeTarleton@yahoo.com,89527289,93000
